Year,Value (USD),Value (USD) Forecast,MMgal,MMgal Forecast
2019,2334006959,NA,1447.553844768496,NA
2020,2307913297,NA,1316.616292648524,NA
2021,2801075118,NA,1237.052983425468,NA
2022,3592836748,NA,1304.352785413876,NA
2023,3803285422,NA,1407.158401836944,NA
2024,4323951092,NA,1938.5113713737962,NA
2025,4801611437,NA,2183.4511327891923,NA
2026 Jan-Mar,1405812964,5939732469.164902,640.22255383456,2622.360538922917
