Year,MMgal,Value (USD)
2021,1237.052983425468,2801075118
2022,1304.352785413876,3592836748
2023,1407.158401836944,3803285422
2024,1938.5113713737962,4323951092
2025,2183.4511327891923,4801611437
2026 Jan-Mar,640.22255383456,1405812964
