Year,Gallons,USD_Value
2021,1237052983.425468,2801075118
2022,1304352785.413876,3592836748
2023,1407158401.836944,3803285422
2024,1938511371.3737962,4323951092
2025,2183451132.789192,4801611437
2026 Jan-Mar,640222553.83456,1405812964
