Year,Canada,Other Americas,India,Other Asia,European Union-27,United Kingdom,Other Europe,Rest of World
2021,376037110.91399604,217027561.61054397,143544782.78984,284248925.120368,83003769.64372,41457597.442748,13217261.143192003,73788604.40497603
2022,501588512.96036804,195397185.46025994,75779082.571308,246360038.58501604,125744919.924112,66807221.329596005,8166532.371368001,83066693.03657201
2023,623595345.7217361,202267742.834028,83784298.04670401,139896206.610888,128009411.28996001,160068297.052536,8069376.514068,57840544.99172801
2024,697627417.1178681,317087600.66101605,189627204.56588402,210537637.51966405,193572327.55178002,242399684.76246002,17065875.75736,68937692.163888
2025,792263631.4691321,345351892.6058761,197809076.612776,205432212.46358398,398563677.36568004,177383553.291272,13599171.697700001,51060727.52989603
