Year,Value (USD),Value (USD) Forecast,MMgal,MMgal Forecast
2019,"$2,334,006,959",NA,1447.553844768496,NA
2020,"$2,307,913,297",NA,1316.616292648524,NA
2021,"$2,801,075,118",NA,1237.052983425468,NA
2022,"$3,592,836,748",NA,1304.352785413876,NA
2023,"$3,803,285,422",NA,1407.158401836944,NA
2024,"$4,323,951,092",NA,1938.5113713737962,NA
2025,"$4,801,611,437","$4,801,611,437",2183.4511327891923,NA
2026 Jan-Mar,NA,"$5,939,732,469",640.22255383456,2622.360538922917
