Year,Canada,Other Americas,India,Other Asia,EU-27 and UK,Other Europe,Rest of World
2021,376037110.91399604,217027561.61054397,143544782.78984,284248925.120368,124461367.08646801,13217261.143192003,73788604.40497603
2022,501588512.96036804,195397185.46025994,75779082.571308,246360038.58501604,192552141.253708,8166532.371368001,83066693.03657201
2023,623595345.7217361,202267742.834028,83784298.04670401,139896206.610888,288077708.34249604,8069376.514068,57840544.99172801
2024,697627417.1178681,317087600.66101605,189627204.56588402,210537637.51966405,435972012.31424004,17065875.75736,68937692.163888
2025,792263631.4691321,345351892.6058761,197809076.612776,205432212.46358398,575947230.656952,13599171.697700001,51060727.52989603
