state_abbr,state_name,million_gallons,year
TX,Texas,1570.968,2024
CA,California,1399.5240000000001,2024
FL,Florida,946.596,2024
NY,New York,543.48,2024
NC,North Carolina,517.272,2024
GA,Georgia,491.778,2024
OH,Ohio,475.35600000000005,2024
PA,Pennsylvania,449.274,2024
MI,Michigan,439.86600000000004,2024
IL,Illinois,436.338,2024
